distributor,type,Ratio,Nominee,Winner
Netflix,wifi,0.2767857142857143,224,62
HBO,video,0.28846153846153844,156,45
NBC,tv,0.20512820512820512,78,16
ABC,tv,0.16,50,8
Hulu,wifi,0.02,50,1
FX Networks,video,0.1111111111111111,45,5
Prime Video,wifi,0.08888888888888889,45,4
Apple TV+,wifi,0.23809523809523808,42,10
CBS,tv,0.025,40,1
